,AQI,WQI,Humidex,Production
0,21.95779617,95.95053795,35.01621161,High
1,8.731716021,88.55976855,35.8221535,High
2,8.402340281,93.36175525,34.27735829,High
3,14.46657402,98.94722564,33.32064135,High
4,15.77494733,94.58458639,30.61913643,High
5,7.357377343,91.67983445,32.89712575,High
6,40.04470083,93.84098285,32.61317118,High
7,43.69061285,88.59042608,33.40717953,High
8,7.544253429,84.82606375,35.68253449,High
9,25.58684636,84.97905677,31.7103552,High
10,31.61952919,90.6292363,33.64500306,High
11,16.1372954,92.56182971,31.5413001,High
12,1.778920631,83.6070224,31.50803588,High
13,25.79006396,86.73053401,33.07093248,High
14,39.57438107,96.37298751,30.48303947,High
15,44.20761845,94.97563822,31.22643137,High
16,32.62914227,95.05753373,30.68876904,High
17,44.75372108,89.75987823,31.37232845,High
18,30.58278096,84.85031874,31.76636009,High
19,16.35370714,92.28151982,36.8243268,High
20,48.94095672,96.0302152,31.39128699,High
21,46.28341003,93.93602681,33.18853398,High
22,8.705781896,80.11499822,35.84041725,High
23,9.995152264,99.0329242,36.51154918,High
24,8.055047246,95.45140133,35.20654606,High
25,37.21106013,94.77554085,34.17963552,High
26,9.149981317,96.11081149,30.87670158,High
27,23.25192996,98.12209172,35.22985787,High
28,9.25355781,81.04764178,31.10137779,High
29,23.37977023,91.04998541,34.54865048,High
30,1.618899855,83.3592379,33.33231806,High
31,49.99957428,99.64035616,33.12687767,High
32,26.32087902,85.73444033,36.60400341,High
33,2.51133105,95.06257467,35.13434586,High
34,15.05819807,99.84015347,31.24180209,High
35,39.44635863,90.19379997,36.98972865,High
36,48.81069681,80.47400053,30.42840062,High
37,1.953081157,81.14735151,33.7265293,High
38,3.713403699,92.17428795,35.72545601,High
39,16.65904562,94.34998593,34.87400029,High
40,16.56792164,95.62214006,33.79603011,High
41,45.740958,81.35214009,30.19591074,High
42,48.06454519,98.83973494,32.57608513,High
43,1.900223257,86.81190205,31.02383294,High
44,4.00023548,87.14464577,36.41510995,High
45,47.16469575,98.11600061,31.1774674,High
46,30.1504495,92.51827624,33.64480514,High
47,27.75911098,80.96912342,36.09625598,High
48,17.51237679,89.6863616,32.14026771,High
49,44.88773735,93.08037353,32.02139396,High
50,44.4327733,95.52313398,36.33472222,High
51,2.766075118,84.20125154,34.68415856,High
52,21.07513052,84.05708477,30.95238657,High
53,13.40621467,87.25836467,35.65104555,High
54,18.92952704,99.13340624,33.3299475,High
55,49.19314143,93.63139142,35.22800305,High
56,27.32331373,85.31669814,32.0928291,High
57,47.47930038,95.21745187,32.75278698,High
58,24.84057521,92.19605125,36.66936544,High
59,25.30870676,99.94615121,35.31459905,High
60,3.579237238,87.51985202,36.51230517,High
61,26.50327935,97.69818679,30.36750685,High
62,26.60204011,83.52003226,32.95582151,High
63,14.17005459,94.92198496,30.60668089,High
64,4.147348611,84.83560106,36.06694824,High
65,6.327467542,81.51281451,30.13233892,High
66,44.20197275,85.99564123,35.35551117,High
67,11.60139893,82.82722587,32.9812031,High
68,30.01376815,86.43566559,32.28068461,High
69,31.00692466,89.02092556,31.37772157,High
70,49.23956783,88.11314155,32.18221689,High
71,24.68690677,80.22982113,33.82234339,High
72,1.061258608,88.24230939,32.17989557,High
73,26.15246957,89.77128233,36.72768592,High
74,23.85299277,93.47973436,31.25193935,High
75,43.96990697,90.56219765,36.59667163,High
76,44.33618804,95.91501339,36.9787523,High
77,19.58311569,83.00838571,33.86054557,High
78,31.66281179,98.20027494,31.19614303,High
79,31.63048207,90.70652136,31.14724924,High
80,13.33712018,81.25372211,34.19032946,High
81,38.80560662,90.4659646,33.05397531,High
82,24.2046411,82.04657891,31.69551331,High
83,1.344171343,81.26220759,34.55428087,High
84,12.88442419,89.49848836,33.00978746,High
85,14.00346734,99.29081046,34.57460031,High
86,13.09248915,85.44138824,34.25212058,High
87,47.80611137,89.72392333,35.78566252,High
88,21.43682384,95.51177522,34.61816777,High
89,9.879693638,95.64331193,32.1495177,High
90,38.63995873,94.98383249,30.9720964,High
91,20.33684022,93.94707486,34.22045882,High
92,3.886640129,90.94700185,33.60243353,High
93,28.96808927,95.43728126,35.51054625,High
94,11.53572836,89.71192102,30.17653272,High
95,48.28915494,85.90053505,30.8408654,High
96,34.39126312,89.71746498,34.43370113,High
97,27.84016651,85.85843309,35.72652127,High
98,32.52267318,99.95224449,31.58620828,High
99,33.84806307,90.79227679,30.28295162,High
100,35.56837364,89.62568161,30.58568176,High
101,0.539373845,90.79041131,36.43557727,High
102,26.60557385,92.39446468,36.9922096,High
103,15.0898241,88.61587983,36.11967553,High
104,2.810011033,98.94490718,30.3313848,High
105,46.80569358,83.01464424,30.91694065,High
106,22.79219807,90.40042933,31.53209249,High
107,11.76772215,80.82251401,33.99225745,High
108,21.07304389,93.73815584,34.52301749,High
109,25.09419756,95.52548685,30.65618929,High
110,39.13140344,88.86933358,35.98255865,High
111,33.87094,86.55134951,32.51625673,High
112,2.841423826,82.53443544,33.14347898,High
113,45.30504234,94.04441849,35.77603766,High
114,24.21449277,83.80832846,31.61875606,High
115,6.871933781,96.57282942,32.93996061,High
116,3.97135127,84.87337963,30.83022615,High
117,43.23828147,81.32497856,31.30055261,High
118,30.41459566,80.81771134,34.00583939,High
119,2.547330265,94.3745388,34.50593657,High
120,48.41320605,87.42929628,36.65554651,High
121,5.425336761,85.64625448,30.80573652,High
122,1.248147205,94.16518157,36.90668654,High
123,8.887302199,91.84780314,34.28272728,High
124,38.5125939,84.42983098,32.99616194,High
125,36.49078308,86.76909067,36.42535301,High
126,21.82532465,87.18992638,32.4643692,High
127,40.12603802,85.15311924,32.94332499,High
128,43.7640042,91.38500037,36.08873738,High
129,6.258624766,86.44266198,34.21409391,High
130,15.37333291,88.67840338,33.29696877,High
131,2.260325115,87.98903687,36.70005538,High
132,14.3746385,94.94488852,36.51205871,High
133,12.49835381,97.31015529,36.46360165,High
134,39.30526718,89.68440136,30.49375505,High
135,48.80239998,89.45246347,32.60092317,High
136,49.02029555,81.02304554,35.78370984,High
137,28.11831027,89.13879982,33.11248929,High
138,38.89619257,85.59395076,30.97087318,High
139,39.7910233,98.98188182,31.24459401,High
140,13.97515942,84.67606633,32.84745086,High
141,31.7364422,97.57288039,30.67460115,High
142,24.33962409,82.69674357,36.77975976,High
143,26.48314262,93.60754462,34.22453993,High
144,38.2123018,86.83691452,33.61101587,High
145,43.33580555,95.5058481,31.6931857,High
146,30.25101291,92.68322465,36.40845148,High
147,28.26448984,98.905952,31.37920684,High
148,10.81869528,99.83812358,36.85256844,High
149,8.008109914,81.7046726,36.42569926,High
150,23.94903023,81.4726838,35.62545184,High
151,38.00636436,85.75384439,36.20179967,High
152,18.5361332,92.1746754,36.50466616,High
153,38.42721204,94.70350653,34.51388126,High
154,1.075473431,95.06676289,35.84938615,High
155,25.11306093,95.07474021,34.18347852,High
156,35.6311481,98.24584324,30.143874,High
157,47.76767592,86.32634833,35.25684658,High
158,10.66769603,85.02206741,36.7136803,High
159,47.66486822,86.32380816,34.14788264,High
160,34.92201844,82.01495304,31.87036387,High
161,20.24069196,99.18887955,31.14155367,High
162,32.72676246,99.55151383,36.77308931,High
163,43.86430094,95.06723739,30.64389574,High
164,19.26584137,99.75031777,30.9786922,High
165,10.31417518,80.45586971,30.8798558,High
166,8.969162253,89.46503469,32.79759688,High
167,44.40318936,93.47084572,33.57540697,High
168,12.8816944,80.53177784,30.40661538,High
169,49.89056003,99.71497752,33.06493485,High
170,12.43860053,87.54674251,34.68642598,High
171,8.640109331,81.71614437,34.19684608,High
172,32.18933484,91.81224221,32.7916232,High
173,31.9559385,92.27895183,30.79178432,High
174,3.727002374,90.91883847,32.7156568,High
175,5.507299881,90.66795122,35.43126003,High
176,27.08979618,87.23613956,34.09706409,High
177,36.54629585,87.66084318,35.62115519,High
178,32.07909344,98.69006883,31.43480222,High
179,38.92703748,92.44293748,35.0242854,High
180,47.42324609,85.25564938,32.6823306,High
181,32.96179671,80.73153571,32.70377191,High
182,41.99811791,87.55876467,32.60882491,High
183,33.37384208,82.08194745,32.81539009,High
184,14.64163962,83.769018,32.90757751,High
185,21.60010553,97.37698097,31.51097637,High
186,28.25437168,97.27556916,35.95499919,High
187,4.127362211,97.11595438,30.71256756,High
188,7.696447385,88.63503761,35.53514637,High
189,2.010529292,80.14437798,34.4918646,High
190,23.10110883,86.0539688,32.3799081,High
191,1.20641351,95.60172752,33.4821476,High
192,40.77312229,96.78968928,31.90287734,High
193,49.88528171,84.10056754,32.73544894,High
194,8.923353768,84.80371931,33.92283043,High
195,2.415994442,90.62304188,35.68579577,High
196,44.38176898,88.68858278,33.80894794,High
197,19.85726675,90.88102132,31.54068631,High
198,27.82182883,98.09278694,32.97324122,High
199,49.28267028,81.47526713,34.78135739,High
200,34.22894265,92.68364183,35.82579198,High
201,27.1427283,94.32202306,33.83394458,High
202,49.10548149,89.26298891,33.87960717,High
203,14.59174709,93.61184512,34.0521402,High
204,36.37349378,88.11087959,31.62730042,High
205,36.94944571,92.37889851,35.38179989,High
206,22.08442672,87.92742568,33.06718096,High
207,10.69952954,89.17086022,31.1764831,High
208,45.13572395,85.56029352,34.25676748,High
209,10.32485821,90.00761369,30.22217543,High
210,0.845708812,90.00089378,30.81343509,High
211,14.79516239,91.33754566,31.59455507,High
212,40.02081696,88.64065564,34.43304489,High
213,37.64125575,87.9038129,31.81880176,High
214,28.54077551,91.67270681,31.76739176,High
215,18.94930856,99.25094137,35.88855977,High
216,24.12974254,92.43644145,30.2006157,High
217,6.778822343,86.5347143,36.18935399,High
218,27.53387373,86.19561542,31.18277815,High
219,7.694742,92.25725529,31.77774392,High
220,7.467383614,94.71782854,34.62533602,High
221,40.88781862,95.22850582,31.17296095,High
222,46.8137101,89.00647506,36.42876438,High
223,21.20676435,82.77711414,36.8226673,High
224,10.94959851,97.20297537,36.20510442,High
225,21.11022774,99.15914077,30.99168675,High
226,2.433285053,86.96835598,33.10346891,High
227,18.39479993,81.18170746,32.93438551,High
228,14.01652803,87.50102129,34.66159474,High
229,8.158671261,87.58971548,34.41231804,High
230,30.76336661,91.27064546,34.56030181,High
231,19.16545236,80.64886152,31.0339522,High
232,26.26605619,99.838357,35.84257142,High
233,21.62355663,89.50065747,33.34184349,High
234,12.08202506,98.16597186,34.94467251,High
235,10.2869182,98.21934317,32.177687,High
236,40.63874694,87.13009524,31.60013718,High
237,19.75084788,82.47371784,31.27143847,High
238,6.120483331,87.32075544,30.36178404,High
239,42.33374332,86.26662133,34.89553638,High
240,26.55422765,86.39370964,32.49015084,High
241,12.91244804,80.04683212,30.73572743,High
242,7.54880884,84.53167416,34.64655785,High
243,37.62080704,87.75981965,34.20331907,High
244,36.20521199,87.63143606,35.14739989,High
245,5.852926465,84.53582416,32.24208275,High
246,20.34191183,82.59471442,30.76456041,High
247,6.795877822,92.80868058,32.34132327,High
248,45.15702057,93.85702417,32.33194368,High
249,8.405303821,89.63552461,35.37026966,High
250,6.870268157,85.95866313,31.40515247,High
251,38.4644998,89.40802369,32.18042846,High
252,39.44110632,83.92855482,32.63492156,High
253,26.48228014,88.79534333,32.90350177,High
254,0.120204235,91.72420113,35.14649899,High
255,10.92595471,98.7875019,36.46924616,High
256,36.33183738,93.7888042,33.10693793,High
257,14.28845289,95.16629638,31.42861196,High
258,4.570418615,97.76655842,32.10498957,High
259,13.43043147,80.71271611,32.16787057,High
260,43.10834727,87.76127527,34.52237005,High
261,24.48796487,85.35547785,34.24279755,High
262,45.57197823,97.48771959,30.3598762,High
263,49.9363752,90.56058501,34.44139007,High
264,7.485742652,93.81590598,33.51795284,High
265,28.73251179,81.35503473,33.15003383,High
266,32.87853324,87.41396874,31.39903402,High
267,13.01414182,84.0237381,30.90705285,High
268,8.891487279,97.91480473,33.39477208,High
269,0.125305264,94.2887926,30.23524338,High
270,39.97737266,95.79229447,31.27351482,High
271,14.69227381,81.84067458,30.82474225,High
272,16.08082186,95.94056292,33.87667864,High
273,0.308108678,81.37007787,30.80042324,High
274,43.28905757,86.60559508,36.7016807,High
275,24.96336296,89.11633186,32.81943039,High
276,39.67305816,97.01145929,36.30292187,High
277,34.15229427,85.3293445,31.91483511,High
278,32.85469024,81.56079105,36.99011335,High
279,32.23137399,97.634353,36.47893864,High
280,45.64401617,83.45161364,32.40527584,High
281,24.07811186,84.77057826,36.76888646,High
282,20.27501823,98.60365465,32.42065309,High
283,1.684393771,80.64191447,34.14955292,High
284,30.55522592,98.51305145,31.36489375,High
285,38.02132109,84.36468843,31.20144026,High
286,25.02272501,89.86362578,31.02554667,High
287,23.44108333,92.64518371,36.7571496,High
288,2.187911952,99.95457669,34.67620405,High
289,40.27841784,95.6375164,33.07188995,High
290,3.453487815,80.68814906,36.09417916,High
291,22.63669813,87.49970935,31.28194142,High
292,6.452726691,88.94561321,32.20457627,High
293,49.51577757,87.83563773,30.85021644,High
294,35.22694176,83.40183461,35.45473813,High
295,17.40430066,89.40404247,31.5980086,High
296,15.79223572,87.42046979,31.6465483,High
297,13.11965846,93.4601344,36.90223144,High
298,5.967663196,95.88371021,32.23367375,High
299,44.96334858,92.75055048,36.45314018,High
300,25.85554697,90.7506239,30.32105371,High
301,45.34667724,96.15082881,32.09618211,High
302,43.46695919,98.29409635,32.30395279,High
303,10.93182864,86.76928296,36.17274846,High
304,42.48347745,84.82899917,33.18430279,High
305,26.57843981,85.224399,35.44567708,High
306,27.49691326,85.46806709,30.84879034,High
307,6.417819914,98.43774126,35.90079265,High
308,43.50170595,86.3594776,33.26507644,High
309,49.01885788,92.48361986,34.90821533,High
310,34.51660664,87.15776853,35.34282216,High
311,34.64153491,99.08067004,34.12878576,High
312,15.22885928,80.66812965,36.84226223,High
313,3.025747557,95.9802408,31.21435483,High
314,2.485785059,81.90827413,36.52898092,High
315,29.78650417,84.3491088,36.94163017,High
316,6.796833794,87.96523293,32.72703571,High
317,10.43728108,88.09250819,30.15786746,High
318,4.444446937,81.24328756,32.91485634,High
319,31.05531463,84.21232071,31.46767188,High
320,17.80150133,91.61121885,33.52709335,High
321,34.92030479,94.91288616,32.71739369,High
322,15.67715794,89.42644605,34.48090914,High
323,30.45199955,87.24899364,35.32144535,High
324,44.73471626,95.85505117,32.71034173,High
325,49.4263746,83.90260783,36.76176783,High
326,34.71346658,82.89170495,33.29183962,High
327,36.88603939,84.44511403,30.46723021,High
328,4.103552252,81.24966838,30.952907,High
329,18.27346188,93.56703663,31.11591114,High
330,32.64220939,83.81722252,34.07472924,High
331,41.6172853,93.13300999,31.70978438,High
332,24.87023924,88.61808397,33.58307941,High
333,23.7468264,98.87064015,35.72422435,High
334,37.65508399,84.56040676,32.24585538,High
335,27.19413741,83.8491614,35.4871655,High
336,31.92834684,82.79771084,33.11724113,High
337,43.9524761,83.46964839,31.54026365,High
338,42.80206977,95.24831808,33.57150689,High
339,39.31115248,88.67297345,32.83292596,High
340,31.19101086,84.40492088,36.66612513,High
341,19.38138059,80.67010151,34.00971408,High
342,46.57271582,94.5493186,35.15144462,High
343,10.59249813,82.54079782,33.12439049,High
344,11.17351843,89.64332406,32.92817619,High
345,7.970219749,95.76623395,33.50178583,High
346,15.45796412,95.68529199,32.16685919,High
347,6.322813466,95.49157648,33.79446826,High
348,46.32865106,99.46858907,35.87317538,High
349,15.11293864,84.14878775,33.26887828,High
350,40.76707625,96.34095113,36.15086638,High
351,32.37839425,92.08325803,32.77830434,High
352,38.68343138,80.07313739,35.2820503,High
353,35.12877935,81.07549433,30.52052926,High
354,11.41639148,99.53714116,30.6029631,High
355,32.57464135,99.76954976,34.73517176,High
356,21.79090158,89.77104742,30.60956294,High
357,27.35840562,81.7078539,34.00094338,High
358,36.64615913,94.01349036,34.84048707,High
359,17.28419509,96.37637925,32.58670992,High
360,9.314038365,88.07288756,33.41007903,High
361,7.153631449,82.25027336,30.89083944,High
362,22.65512945,89.06670823,31.54296677,High
363,48.23884114,83.05606147,36.81012644,High
364,39.2477715,98.44194395,32.03172562,High
365,49.14951964,81.57782794,36.95358718,High
366,6.085706448,85.90121349,33.41829841,High
367,20.37613564,86.01769072,34.36500982,High
368,10.75352918,84.08797434,34.62756967,High
369,35.07379703,90.20115427,33.18575697,High
370,38.12160516,94.25282544,36.39602472,High
371,12.80151249,84.19390818,32.12188745,High
372,35.58517197,90.95892019,31.89667893,High
373,13.84115274,95.9269484,32.35625351,High
374,5.026669134,89.595169,32.6676948,High
375,8.369796962,97.80793089,31.60884871,High
376,31.14821505,81.11976156,31.43018775,High
377,47.52698909,92.47751782,33.08367932,High
378,43.37507583,96.9464355,32.71535453,High
379,29.84999247,91.54237392,35.16112597,High
380,46.53785456,84.29051536,34.56169932,High
381,34.61709411,84.20988766,31.08877815,High
382,0.996685895,92.54123248,31.19370905,High
383,27.1827418,93.74011996,30.53467109,High
384,48.49973437,85.71156561,32.26509665,High
385,12.77917675,85.98481818,36.90658034,High
386,9.184566319,99.86476723,36.57570287,High
387,44.17973867,89.46223891,33.32273295,High
388,45.48893991,93.29425582,31.46220902,High
389,41.98062975,94.56986782,33.76221865,High
390,38.1159221,80.48664434,31.7648004,High
391,34.91599397,98.71493401,34.74615119,High
392,25.00534349,86.70172138,34.29594343,High
393,10.27202323,85.62785673,36.57434827,High
394,19.81329932,93.34877964,34.92187118,High
395,16.12174393,86.72051499,32.52814842,High
396,35.37629887,94.03270068,33.73759071,High
397,16.76270079,84.93240974,32.66909102,High
398,14.57670552,84.99090697,34.98294817,High
399,33.43260164,94.56559246,34.66111797,High
400,12.24993038,96.22431309,33.07154648,High
401,6.82160943,80.29934053,31.2024915,High
402,24.27036968,86.23447412,35.99418126,High
403,6.63967674,98.67192349,36.79862273,High
404,11.79320947,85.88935252,34.06427105,High
405,37.8874136,98.19003963,30.44581278,High
406,18.39756317,97.7140385,34.37617286,High
407,24.02214571,95.53880846,33.52277645,High
408,23.15432117,95.02302002,35.07783651,High
409,16.1513889,82.50896518,30.9153078,High
410,6.79941471,90.90396351,31.31954582,High
411,34.06144397,80.84091235,35.58485647,High
412,24.95343851,84.88642257,35.86411182,High
413,40.31368827,92.86236285,31.94503332,High
414,13.17786004,89.58935249,31.01228919,High
415,30.41621699,98.83000622,35.29288456,High
416,37.73197636,97.83558116,32.2833333,High
417,48.08262012,86.43651816,31.04602582,High
418,16.90024216,87.43456891,33.70360903,High
419,0.059736993,91.33740434,34.51532176,High
420,9.628130958,89.90279133,31.20696056,High
421,42.12114899,83.97211565,32.82566539,High
422,34.25790229,80.57682462,34.84716311,High
423,47.76651464,96.92870881,30.58629965,High
424,17.33317062,98.99438369,30.43649495,High
425,35.53752685,88.07596486,31.46612412,High
426,2.917692,99.47261088,30.71177288,High
427,42.03071639,88.35163219,35.40037321,High
428,30.74593689,81.96718853,32.69980129,High
429,47.01914619,87.02239056,31.15197547,High
430,8.205334775,93.75803703,35.68412838,High
431,8.833432963,85.3232059,30.63439479,High
432,14.6661758,88.98210218,31.88563902,High
433,10.20520659,94.8044506,34.78176896,High
434,49.84000646,88.98043286,34.34707274,High
435,9.560195819,93.19643062,33.92688245,High
436,8.194667471,84.49316163,35.38540428,High
437,23.49933205,87.95009414,31.6519842,High
438,30.88158885,88.30903764,31.61315262,High
439,1.792349683,96.93239194,31.54726244,High
440,7.356202486,92.23816355,30.62310085,High
441,36.7413756,82.07659263,30.53719617,High
442,37.97486629,96.97040582,34.148059,High
443,11.0281829,80.65706396,31.40227712,High
444,48.43817903,82.48059589,30.86323875,High
445,40.31512963,85.43785762,34.19925152,High
446,37.12529254,95.56426651,36.94837907,High
447,33.49334925,85.23023068,33.77826467,High
448,1.739108239,84.96580925,30.88435737,High
449,26.08469635,95.78865618,30.84432778,High
450,5.91041191,84.99328137,32.11165925,High
451,8.411405512,90.95217954,36.96260547,High
452,37.78492102,88.62434844,34.7657697,High
453,0.651059262,93.58984657,32.69291351,High
454,28.59083075,91.45990507,31.63055826,High
455,45.3282268,90.53989783,33.95160177,High
456,32.29270139,84.75694611,30.75446599,High
457,13.63991801,80.5072896,32.4777361,High
458,37.96886474,86.99945282,30.46725189,High
459,17.24745326,99.17220873,30.92449559,High
460,10.63358311,92.5236152,35.86648227,High
461,43.53622168,89.00337697,32.06462159,High
462,43.23802283,94.41181949,36.02846749,High
463,35.83240672,88.33972456,36.05911299,High
464,23.58239124,95.46972431,34.76208731,High
465,2.878787977,95.38724719,33.60312518,High
466,9.498525908,88.66727939,34.64767803,High
467,28.8541965,92.52298285,35.82239186,High
468,2.378833916,81.95590853,35.26451505,High
469,32.87093383,99.66368451,34.09253904,High
470,22.14381737,81.8862401,36.27876002,High
471,21.35046049,92.49448541,30.04418045,High
472,39.20168902,95.28593561,30.28851161,High
473,9.879002793,84.81223024,32.22186781,High
474,47.9393882,85.88805967,34.55516255,High
475,38.29764818,86.1055868,31.15348188,High
476,37.44817723,84.97042164,34.2789555,High
477,36.29241988,84.54798361,33.80767453,High
478,7.762938409,99.95412517,34.0287943,High
479,22.14124344,96.3450291,36.51202322,High
480,30.66833635,82.02980829,30.06422981,High
481,2.847808056,95.75991893,30.37550957,High
482,49.78544866,87.33772839,36.8095914,High
483,21.34677339,80.15787639,30.79292312,High
484,12.47044277,83.47844559,30.15828444,High
485,23.73498521,94.20812855,31.69442169,High
486,11.73607434,92.31517297,31.1271493,High
487,29.08134453,87.47513772,30.20591275,High
488,15.46862625,80.37993206,30.94682724,High
489,29.65998553,98.67534236,36.28387642,High
490,15.57934311,92.63078802,35.50862604,High
491,31.67472831,88.48131955,31.44090663,High
492,46.51147868,94.04982173,32.66742414,High
493,4.766039751,85.36122358,36.53016132,High
494,13.41459988,94.33095908,35.833887,High
495,38.36581704,90.66609079,30.95091207,High
496,2.782920679,86.56610215,32.31499276,High
497,6.957657155,98.73852476,36.51197051,High
498,48.64711191,94.58725146,34.00656475,High
499,8.165376482,94.40113016,30.78432372,High
500,5.789392648,86.44924741,32.35861408,High
501,56.37597304,60.9880128,43.25473641,Medium
502,90.31534656,50.38906723,41.10847192,Medium
503,80.05604078,49.45169536,38.13890159,Medium
504,98.8073854,41.98294768,37.93943113,Medium
505,69.74314021,79.0982639,39.16331307,Medium
506,73.48839422,79.08613985,37.50719586,Medium
507,72.78556238,58.76479754,43.46348118,Medium
508,56.96197217,58.31650232,38.76242067,Medium
509,90.83917595,76.02968849,43.32205572,Medium
510,56.16409839,78.19294249,42.87355063,Medium
511,69.66013271,76.94264958,41.81066623,Medium
512,55.14366111,55.93813843,44.93973501,Medium
513,81.98944136,59.16423224,40.32681957,Medium
514,72.43768068,47.69618799,44.16407218,Medium
515,81.12512401,41.06324726,43.57827224,Medium
516,65.22373829,58.2910604,44.34128875,Medium
517,71.76521453,78.65176895,43.77407878,Medium
518,79.4337634,52.17757793,44.01146118,Medium
519,91.31833316,66.63774823,42.02285927,Medium
520,66.47808476,54.04656798,44.49770092,Medium
521,53.1645452,60.15613487,39.5080429,Medium
522,98.36463284,63.41641376,40.70053032,Medium
523,97.22730717,67.37415136,40.27722898,Medium
524,60.10573729,45.17843355,41.40632768,Medium
525,90.43825421,61.3913851,38.41899439,Medium
526,54.53333535,69.71262969,41.05550548,Medium
527,55.21020622,57.12747096,42.91434839,Medium
528,88.48767383,79.03080395,37.74675165,Medium
529,78.26122415,49.29144104,40.01223069,Medium
530,61.35785356,75.86372236,38.36293252,Medium
531,94.97791709,46.67365272,44.85010391,Medium
532,62.90130878,56.11004902,40.1110563,Medium
533,93.42002358,75.96914517,38.96150059,Medium
534,65.67336112,61.73689475,42.25749671,Medium
535,66.10868111,69.21177951,40.36780471,Medium
536,79.11672319,45.95582385,41.56897474,Medium
537,84.18311557,62.68547432,43.0479529,Medium
538,65.23925599,55.8643772,43.79875672,Medium
539,85.35178478,41.74688161,44.87892849,Medium
540,72.39443417,46.54470425,39.32425089,Medium
541,79.04357799,45.84712461,42.17209737,Medium
542,84.16503305,53.9639825,44.52302689,Medium
543,80.20083467,64.47199831,43.60954185,Medium
544,98.16954341,73.11861409,38.38906531,Medium
545,52.68473469,60.87744317,44.49826996,Medium
546,65.2640298,71.11133385,39.84324281,Medium
547,62.79290136,50.06410927,42.87885503,Medium
548,91.07227518,41.50280654,44.52103085,Medium
549,70.29261493,49.15457513,44.27655013,Medium
550,81.90542268,48.61576958,43.46750997,Medium
551,68.33639148,47.75617191,44.00685085,Medium
552,65.05342424,57.88146644,37.24465191,Medium
553,86.45523242,55.4055845,39.4068033,Medium
554,86.09620708,79.78992249,39.25720141,Medium
555,69.1940136,75.61769669,37.09870812,Medium
556,89.88277043,75.09041739,43.10708335,Medium
557,95.76581711,63.84966058,44.65848267,Medium
558,80.10532162,68.12597012,37.39266155,Medium
559,95.72954622,41.87702108,41.31868471,Medium
560,70.1789766,72.27541915,44.74276605,Medium
561,62.41951688,42.16318362,38.54127245,Medium
562,96.7438873,78.84192079,38.03489217,Medium
563,58.11676542,50.77610581,40.94960945,Medium
564,72.07566056,48.65877696,37.13944796,Medium
565,52.40992334,43.34637806,44.17690971,Medium
566,77.13706689,75.48690824,43.05979133,Medium
567,82.16928365,61.14269627,42.20450366,Medium
568,83.69920275,44.45892328,39.52758454,Medium
569,99.91079861,59.88990694,38.00337247,Medium
570,97.16974181,75.39641479,39.81436279,Medium
571,80.85088316,56.44539837,43.01314073,Medium
572,58.92014178,54.26848605,38.00828152,Medium
573,74.1832097,59.97289118,42.28400392,Medium
574,94.36237484,73.79671418,41.5202891,Medium
575,67.93535289,77.98013153,43.97894998,Medium
576,54.8699348,50.15226077,38.45441732,Medium
577,68.80467824,78.76198194,44.95061735,Medium
578,89.26214477,46.81606669,44.87024076,Medium
579,85.01477085,62.46150648,41.32320059,Medium
580,81.35134577,57.34408768,37.76121047,Medium
581,79.7616285,73.47475923,38.37242937,Medium
582,86.38465594,75.2184405,43.34626812,Medium
583,76.97577187,76.13051779,38.71823659,Medium
584,93.99141186,70.70437357,39.47001776,Medium
585,93.37299399,50.89898615,41.20365812,Medium
586,75.64846696,75.75950109,37.87620973,Medium
587,80.93831784,41.00721582,38.25556138,Medium
588,69.12179062,73.01847726,40.87301835,Medium
589,77.04692936,69.57274874,43.80338795,Medium
590,73.16996947,79.39752605,37.67394486,Medium
591,75.85368114,54.93956144,40.48671348,Medium
592,66.66105223,45.48320841,38.13023495,Medium
593,79.20125965,71.92629049,43.2501617,Medium
594,64.25960969,74.88227411,43.03003414,Medium
595,79.22547648,51.6576539,42.79571799,Medium
596,98.04270997,73.49736624,44.48069287,Medium
597,73.28582474,69.69877648,42.01000748,Medium
598,55.5404562,57.26227116,42.91131893,Medium
599,90.60189487,64.51711627,40.80810023,Medium
600,90.33281925,56.62304115,37.01576666,Medium
601,98.97582864,65.93820121,39.83509322,Medium
602,64.23901564,50.42217239,42.1426592,Medium
603,51.55068392,64.30258444,39.01266111,Medium
604,94.26776923,65.48860493,38.98888994,Medium
605,85.32851608,76.43427089,42.81782263,Medium
606,83.77981596,64.1654901,43.66740653,Medium
607,63.33709177,79.30323224,37.42937812,Medium
608,73.60202814,55.01872434,41.01449358,Medium
609,59.26169775,59.741998,44.39280782,Medium
610,56.8809336,73.80383981,43.46067814,Medium
611,59.85320473,76.34081431,41.48079988,Medium
612,81.15518606,40.75883465,38.30416371,Medium
613,76.57342659,60.82531277,42.01100307,Medium
614,78.21485817,63.38336372,43.58706458,Medium
615,94.17840149,67.17602493,43.79207565,Medium
616,82.075448,58.60172203,44.87304693,Medium
617,87.11063669,69.81186728,38.12564932,Medium
618,93.15471248,72.6834661,38.12237799,Medium
619,75.49789315,62.47718027,43.67501586,Medium
620,93.77813964,58.71306876,37.51524646,Medium
621,95.99319105,60.35854736,43.22880278,Medium
622,64.11761034,46.37193017,37.57573028,Medium
623,95.34938616,46.73231478,44.77801311,Medium
624,69.31058117,65.84354071,38.48622876,Medium
625,94.53249752,45.13021822,43.7505854,Medium
626,64.79972971,52.3745662,37.69286937,Medium
627,60.69828194,63.34869209,37.35091138,Medium
628,82.13755526,64.95857585,41.98670637,Medium
629,91.46510727,57.20362693,42.52004262,Medium
630,78.14106492,52.55419528,41.21508586,Medium
631,91.73994224,53.28190922,43.2657673,Medium
632,62.6678607,78.78775931,39.64483227,Medium
633,91.29592877,74.40675359,38.36496453,Medium
634,68.30906789,47.89355449,38.38998015,Medium
635,74.41952099,46.75533218,44.96269742,Medium
636,62.83683701,52.85007112,44.55176132,Medium
637,59.53670436,77.73589049,37.70270004,Medium
638,96.60878144,64.63193974,40.78206321,Medium
639,98.24682922,42.90648977,41.32027041,Medium
640,95.11263679,63.16241619,41.09412385,Medium
641,71.56393162,56.49326902,39.14907822,Medium
642,52.3270788,70.63119284,40.49916403,Medium
643,89.96341703,60.06325609,39.63894467,Medium
644,84.27072599,65.33944948,39.036051,Medium
645,86.90557754,53.85873217,40.49275332,Medium
646,62.49473271,42.58237135,44.52507651,Medium
647,66.40558615,46.74250274,43.29951864,Medium
648,63.50003082,72.99488061,42.4347235,Medium
649,53.38078919,67.64391729,44.84665472,Medium
650,74.23819354,45.7861739,44.73380145,Medium
651,77.37330967,67.43084162,38.77335909,Medium
652,72.54960272,50.36557679,43.91592206,Medium
653,76.73201725,64.00930394,37.72114656,Medium
654,62.19337349,63.11775519,42.60173859,Medium
655,76.23283846,64.54188063,43.23963961,Medium
656,78.64141842,74.90530238,42.16179459,Medium
657,80.23957122,53.36990793,37.5241857,Medium
658,80.82125733,62.22307254,41.23561906,Medium
659,83.42798517,65.3772534,38.78635912,Medium
660,66.97093098,49.81582581,43.54196756,Medium
661,76.99949496,78.82946566,44.93257147,Medium
662,93.25607915,41.88585784,41.84270553,Medium
663,92.26792463,66.2279968,43.33585919,Medium
664,76.64944262,60.19290654,40.22788686,Medium
665,99.81643353,66.36659857,39.82861401,Medium
666,74.60012101,44.94756138,37.79810873,Medium
667,93.96923613,40.67809722,43.84332148,Medium
668,57.93994132,69.30753512,44.73018032,Medium
669,58.03336564,43.27259117,40.59938626,Medium
670,66.27324906,46.98114454,41.18364757,Medium
671,75.29294575,42.20421164,40.7663166,Medium
672,84.76489271,69.30833583,44.54790123,Medium
673,60.23754771,79.54023467,40.01953602,Medium
674,97.83755403,75.14503589,40.8764985,Medium
675,97.61105027,69.11208469,41.68427254,Medium
676,88.53085141,56.19539801,44.92801213,Medium
677,95.60013497,75.72327777,42.44584814,Medium
678,82.92946882,46.40345108,38.95761893,Medium
679,90.07527812,76.318797,37.23943896,Medium
680,58.18409889,67.84973434,42.94749791,Medium
681,74.72796375,44.16389227,44.07446963,Medium
682,92.89520821,50.76580126,39.79088007,Medium
683,91.0191064,46.64272783,40.80075265,Medium
684,82.18432814,51.72042579,44.64477288,Medium
685,81.74390105,76.8661729,42.84773858,Medium
686,67.50071107,71.98249602,41.26530959,Medium
687,51.34499505,61.43684663,40.95424879,Medium
688,85.52395392,71.77572396,39.01140586,Medium
689,68.48750737,46.03142972,42.28039383,Medium
690,99.39928145,55.57785517,41.03972382,Medium
691,63.23041449,66.30725835,41.55656812,Medium
692,80.64659449,51.30209414,43.73988501,Medium
693,76.07891327,60.40611123,43.9884454,Medium
694,65.94851895,49.04640406,40.62892891,Medium
695,93.60544446,53.4864139,43.44414234,Medium
696,86.00845843,61.14018109,41.83846983,Medium
697,83.3976683,51.98852386,37.56433084,Medium
698,77.91621116,73.99573786,41.09442785,Medium
699,79.89122241,56.71588159,43.56376216,Medium
700,59.49754362,40.29723582,39.05486568,Medium
701,99.53124463,65.80677994,42.00832808,Medium
702,62.13191494,71.91237773,37.39828862,Medium
703,88.30349542,60.65502577,43.81966189,Medium
704,67.46552927,69.01656532,42.43898336,Medium
705,73.55598587,64.7508532,38.00528256,Medium
706,94.93826735,53.82045321,43.55595026,Medium
707,56.62775687,71.76023379,42.24689079,Medium
708,90.20401742,64.62707626,37.39273023,Medium
709,91.41467947,50.69468825,42.08042999,Medium
710,79.99988031,60.82442736,43.22683646,Medium
711,60.17181175,50.27551355,44.45412543,Medium
712,90.83368782,63.94159182,37.30491265,Medium
713,90.6751425,65.13199036,39.81979713,Medium
714,60.05699956,63.87190781,42.77960485,Medium
715,89.18685942,62.79818653,43.15931793,Medium
716,77.12298919,66.86293829,44.43474752,Medium
717,55.55364386,57.44137491,39.51704052,Medium
718,95.84175774,57.17172925,38.74948252,Medium
719,64.86005231,40.97263826,40.08687475,Medium
720,64.06017299,72.30554122,38.40806774,Medium
721,79.94213644,48.60075066,40.09876427,Medium
722,68.42537648,52.6504813,41.33353807,Medium
723,90.97967686,72.14275804,40.67761292,Medium
724,54.12510885,48.44529962,41.68670199,Medium
725,71.70208253,64.03751312,44.14720255,Medium
726,66.6319002,56.2802845,38.94155289,Medium
727,78.05180145,67.05790174,38.73790189,Medium
728,56.77735691,65.39686588,37.44035717,Medium
729,79.44362183,51.58802157,42.54666526,Medium
730,58.00072377,44.3824742,39.22430411,Medium
731,71.81951398,77.11119429,39.44623112,Medium
732,91.36731569,52.30402397,44.21780636,Medium
733,77.535251,41.77916918,44.38396329,Medium
734,98.71384306,65.76268043,40.82946968,Medium
735,83.42854213,77.0075927,39.19119312,Medium
736,99.86640852,77.16812379,41.39136828,Medium
737,56.69026381,47.77059874,37.60993093,Medium
738,88.07386326,41.2026177,42.78806347,Medium
739,52.03482024,62.2339016,44.41927399,Medium
740,96.49725929,52.35106667,43.42738975,Medium
741,97.53078336,43.58289937,44.36405416,Medium
742,92.68737744,48.63286361,40.58540904,Medium
743,60.77056027,63.29189375,41.26808075,Medium
744,60.20177275,58.27364527,42.09931123,Medium
745,80.29532251,57.5085535,38.62724546,Medium
746,65.3733887,45.47307625,42.6065028,Medium
747,73.398737,54.13232208,38.22151231,Medium
748,87.98642532,71.42272936,41.07856593,Medium
749,81.8420738,69.45541857,40.72737767,Medium
750,70.33930939,63.14624665,44.68912307,Medium
751,84.88122289,64.11178654,37.90533987,Medium
752,90.14002013,69.61309466,41.32505566,Medium
753,98.11936187,64.17804657,42.88026099,Medium
754,75.08600818,47.22732082,37.96056247,Medium
755,94.93103025,75.48246128,39.29916597,Medium
756,66.3802641,74.20280953,44.67423129,Medium
757,83.6107456,49.08260475,40.52739908,Medium
758,98.27420184,76.27818591,44.02177744,Medium
759,74.26940466,73.12341532,40.92909498,Medium
760,95.62153469,41.94465321,42.32733582,Medium
761,52.52178895,56.94253527,41.26163259,Medium
762,94.13773351,56.55955033,42.20019354,Medium
763,77.61064585,65.63989764,37.80217465,Medium
764,86.34929125,56.66607794,44.00602393,Medium
765,76.69263221,46.00912279,43.82346006,Medium
766,56.39537554,49.44349054,40.71659121,Medium
767,82.08920564,56.34153497,44.1532561,Medium
768,77.83399591,43.17926372,42.18693405,Medium
769,76.18699583,42.47429877,44.15504393,Medium
770,74.65721523,61.70623629,40.48849938,Medium
771,82.81187678,72.36629054,38.93457783,Medium
772,91.71341949,73.78731316,41.78977498,Medium
773,73.93083358,50.57810579,42.76784303,Medium
774,69.06452607,44.58257764,43.76161089,Medium
775,75.37962403,45.56042211,44.76162788,Medium
776,70.40861577,61.75258767,44.82793738,Medium
777,51.4537397,68.72088473,41.26385759,Medium
778,97.58213247,74.719085,39.91229284,Medium
779,72.82543651,72.83360954,37.03439996,Medium
780,75.46580491,74.52392866,37.61909014,Medium
781,53.02233668,47.0765265,37.05805205,Medium
782,92.62762956,57.76103412,43.55071857,Medium
783,78.24683322,70.90515094,40.81856982,Medium
784,64.23292982,40.30706004,41.50451522,Medium
785,60.28380874,59.66315363,40.50971155,Medium
786,72.91436141,64.96337454,38.26849023,Medium
787,82.41819998,41.43112002,40.00983722,Medium
788,83.93291269,52.27154332,39.63877575,Medium
789,77.40027856,60.38407141,40.91424937,Medium
790,91.87085454,66.23226602,41.47963321,Medium
791,91.90582865,62.72219624,37.02931549,Medium
792,81.22401059,57.46142453,41.20856979,Medium
793,76.01379004,70.4388159,37.14823973,Medium
794,86.43263956,41.00898768,43.74206104,Medium
795,83.14931537,47.90454036,43.34862049,Medium
796,66.83858342,78.07021375,42.24075471,Medium
797,65.78859099,57.64197143,43.87783699,Medium
798,97.26020722,41.68261489,41.38767253,Medium
799,88.87716276,50.21195092,37.1001804,Medium
800,81.46636416,79.42953101,41.63089759,Medium
801,70.12093324,74.49461417,39.79286282,Medium
802,56.30525275,43.33371588,41.0987025,Medium
803,59.88739999,50.63330856,37.17323243,Medium
804,57.22782497,52.25311789,43.92520659,Medium
805,99.56278398,42.12715015,38.4143952,Medium
806,73.27684373,52.99928417,39.04186306,Medium
807,66.06048466,47.25960886,44.63769666,Medium
808,80.24204694,65.34822112,39.52018788,Medium
809,93.87334517,48.43588306,40.76670508,Medium
810,81.19114772,55.26198423,44.34875969,Medium
811,63.03286825,43.2165222,42.83563405,Medium
812,81.89837075,42.91066958,39.03076693,Medium
813,67.71175354,70.15340586,43.63386931,Medium
814,76.20939953,54.79750734,42.76525133,Medium
815,98.19267049,59.50092548,42.49000428,Medium
816,74.27662198,71.12568361,37.61430376,Medium
817,88.60726094,60.14369203,38.24179257,Medium
818,91.65486193,44.3367104,40.99230015,Medium
819,97.66656285,67.61839854,40.57806237,Medium
820,81.36292304,68.72308106,39.06937286,Medium
821,87.26432645,45.43760949,37.46748407,Medium
822,94.72114372,42.74003906,42.44661348,Medium
823,79.94927397,74.3203558,39.69562136,Medium
824,72.74203556,56.80264412,40.64841543,Medium
825,65.90264231,78.56659658,43.00426411,Medium
826,86.62228855,76.59162346,43.15064333,Medium
827,68.77519794,68.55911308,38.67329537,Medium
828,74.22610172,67.27349769,44.22125091,Medium
829,74.03243995,79.96098332,41.01647133,Medium
830,68.7413887,56.05479216,42.19086635,Medium
831,52.90627248,47.84212136,40.64356165,Medium
832,51.57860135,43.18539052,39.32033585,Medium
833,89.21102944,56.79143732,41.88848271,Medium
834,72.57942363,56.5115254,39.55424318,Medium
835,68.28098962,50.80719327,42.15125518,Medium
836,67.10659512,71.37851816,43.00363529,Medium
837,52.86040223,48.27416025,39.42283506,Medium
838,64.99602264,78.38060968,39.06507719,Medium
839,82.4032738,70.72056957,38.11077271,Medium
840,86.15500506,59.81350279,41.01531954,Medium
841,86.51737315,65.54559762,43.83896073,Medium
842,96.72496636,77.21609728,38.5299159,Medium
843,75.68291019,48.66705141,42.56505097,Medium
844,86.84507401,79.58106298,38.3045725,Medium
845,98.90393422,72.64937703,44.02968392,Medium
846,95.18744872,73.40136081,44.76402634,Medium
847,69.00151683,59.62951565,42.66204599,Medium
848,87.95311928,77.25269489,44.5695236,Medium
849,76.72093602,45.35587766,40.01066776,Medium
850,59.48641218,46.25683869,43.99188068,Medium
851,76.02123108,47.9703525,38.39234186,Medium
852,74.50244509,72.42183938,44.92520142,Medium
853,73.23994421,73.279825,40.22676614,Medium
854,77.53335859,78.50628263,38.67209415,Medium
855,61.44479901,46.6822599,40.45282148,Medium
856,58.67345509,49.27965165,40.52140006,Medium
857,86.35759034,79.56471514,42.82942469,Medium
858,76.71954595,53.38155495,38.76006539,Medium
859,94.75353692,60.75288522,38.46485878,Medium
860,58.62596498,46.15633489,43.00006995,Medium
861,92.42844778,69.38971054,38.04371774,Medium
862,80.1256359,62.25253024,40.62253521,Medium
863,78.57844593,48.158885,43.01864016,Medium
864,73.57903982,71.63795777,37.3963532,Medium
865,92.14642155,46.76029036,38.32332659,Medium
866,81.56555936,58.41862394,42.48765425,Medium
867,57.01334753,62.04446364,42.89114487,Medium
868,87.50435541,73.69323579,41.96308017,Medium
869,52.69986694,75.16601232,39.75728213,Medium
870,99.43634559,75.26863607,44.638716,Medium
871,51.74785247,75.63850592,41.34407764,Medium
872,81.1888591,48.17053415,43.3504009,Medium
873,93.57306943,67.56664238,42.46100377,Medium
874,56.49080861,57.55792097,41.68730084,Medium
875,74.28605894,77.92404468,39.92933153,Medium
876,63.74095674,64.36778454,42.69042279,Medium
877,64.604945,42.86829083,43.65339043,Medium
878,85.67963536,76.23755558,40.68480515,Medium
879,97.34890694,45.89047946,43.22147874,Medium
880,75.79329013,48.3338861,39.67840176,Medium
881,73.95838247,64.17711139,40.50695154,Medium
882,82.06222811,45.35806261,39.1375853,Medium
883,59.42742507,62.74378278,41.31833788,Medium
884,51.64789746,75.88917308,39.29818264,Medium
885,57.9974116,77.1872778,41.86720245,Medium
886,90.43604704,49.50428431,37.24403751,Medium
887,71.83363015,71.69669149,42.73370774,Medium
888,76.54262846,49.57030845,42.2974559,Medium
889,83.69332785,42.09703786,43.08874322,Medium
890,61.33898936,57.43452979,42.05903173,Medium
891,54.5474099,63.6724761,43.92587013,Medium
892,63.4094456,41.46795676,39.41393318,Medium
893,95.01653238,40.61370621,38.95691426,Medium
894,63.41211923,79.8900005,42.2532481,Medium
895,92.97979045,61.52027474,43.61889723,Medium
896,91.78703998,59.18888094,39.10720925,Medium
897,68.61612078,76.75960301,41.37599054,Medium
898,69.798701,57.75208387,40.43304837,Medium
899,65.15598169,42.04425348,43.85607526,Medium
900,71.48972204,75.38583707,44.63722532,Medium
901,99.24486454,64.91621628,44.51714058,Medium
902,86.64613278,58.19041144,41.85034114,Medium
903,60.5727277,60.88181206,40.9344884,Medium
904,65.89239306,72.48691786,39.43006863,Medium
905,53.01693092,50.63398585,38.43984053,Medium
906,96.05140907,78.91050414,38.33009167,Medium
907,61.67260136,49.72782362,41.6594185,Medium
908,81.728166,75.28628812,43.94660352,Medium
909,74.33622278,56.30083603,44.22284886,Medium
910,67.84633598,56.22388592,44.84538645,Medium
911,96.59260424,43.39209841,43.90850687,Medium
912,99.24556846,70.15642277,42.80505095,Medium
913,95.77409291,40.69053571,37.48490021,Medium
914,77.98627758,67.40752819,40.57295246,Medium
915,88.5772673,55.60429212,41.65701284,Medium
916,87.91231872,57.94669139,43.90636219,Medium
917,81.12604795,75.65498399,40.84812499,Medium
918,62.97266731,55.62212386,42.638139,Medium
919,67.50159021,64.89439405,39.99280002,Medium
920,80.90100795,51.13615797,43.15897939,Medium
921,84.63003175,64.45837072,40.06742888,Medium
922,61.85987583,49.75534514,42.22939734,Medium
923,84.84742433,67.68398653,42.5123643,Medium
924,86.42848555,40.31778352,37.9681838,Medium
925,89.67325474,43.795392,42.2502696,Medium
926,59.05748494,78.68229392,44.58052684,Medium
927,74.22994026,67.9905995,41.15570454,Medium
928,95.28821254,73.02378322,42.91926526,Medium
929,99.01675918,68.33223391,42.85378378,Medium
930,52.85233987,42.23693857,38.57702631,Medium
931,71.6797528,50.58017294,43.94483254,Medium
932,83.77560324,44.85748584,42.16395824,Medium
933,93.29296767,71.69601637,41.88056607,Medium
934,89.03497287,56.48888219,37.14728349,Medium
935,70.7941172,44.62124333,37.04216738,Medium
936,72.69121879,75.62795733,39.50445433,Medium
937,56.1670434,76.10783544,41.04692278,Medium
938,97.8222646,70.96046902,43.75607911,Medium
939,90.01755939,41.54474483,42.19420775,Medium
940,57.19840094,69.50243164,42.36463242,Medium
941,52.09552512,79.49328392,43.93900962,Medium
942,72.53113603,78.31530769,42.35373433,Medium
943,60.94323761,76.01050209,39.12790799,Medium
944,84.73395252,58.32884587,37.95778548,Medium
945,84.84633886,73.63290924,42.02547034,Medium
946,65.33312619,55.03953507,41.81523107,Medium
947,77.89836116,43.69927437,37.47830406,Medium
948,68.94094328,68.5838089,42.44112258,Medium
949,99.61528317,45.84133552,39.3060468,Medium
950,95.33843228,60.67070397,40.92102948,Medium
951,94.01431074,71.36681749,44.97559986,Medium
952,88.2253923,57.49323946,37.24158876,Medium
953,54.73612835,70.17486779,38.94050901,Medium
954,59.35061173,62.6501538,41.35959976,Medium
955,84.14660312,61.92961428,40.74380122,Medium
956,77.18451253,61.78252063,40.84669823,Medium
957,68.90159007,48.3244891,41.12318735,Medium
958,79.84115982,40.5986056,43.67243789,Medium
959,57.22985953,61.04837428,44.96072641,Medium
960,78.38632655,63.2799721,37.34865529,Medium
961,66.79456768,68.12607267,43.95560586,Medium
962,86.56448439,78.89936332,38.47659602,Medium
963,84.52702511,63.15809821,41.74427178,Medium
964,72.2936619,44.38836599,43.32680494,Medium
965,53.58352749,59.05341749,40.07005824,Medium
966,54.26652462,49.53717076,44.23784773,Medium
967,62.26179177,76.75593888,42.6770111,Medium
968,99.47840494,78.90866386,40.54295661,Medium
969,79.60808232,43.84021091,42.3275611,Medium
970,72.84999329,65.85461894,43.39026067,Medium
971,88.82069163,79.73878517,43.94117654,Medium
972,72.24285258,63.11644348,40.99737738,Medium
973,94.33422875,79.88674288,43.38803279,Medium
974,72.56186082,58.87016135,42.43755837,Medium
975,88.29679476,50.63083075,39.5651962,Medium
976,78.26235928,45.62488438,44.67497968,Medium
977,84.37071176,57.70894677,41.13506091,Medium
978,60.82092013,72.90135807,38.31330989,Medium
979,80.51276526,69.0377506,40.57278062,Medium
980,99.65028194,51.44603442,42.51684267,Medium
981,57.00441914,46.66028226,40.0821088,Medium
982,62.34381261,63.18677315,43.97048615,Medium
983,58.6736426,51.67851062,40.19456158,Medium
984,88.59979186,53.30424601,40.10901375,Medium
985,52.19335414,68.22904992,38.29589559,Medium
986,55.81066251,64.04591578,42.36756005,Medium
987,94.10496327,46.53375622,43.2237187,Medium
988,72.82154081,45.53830554,41.96194678,Medium
989,97.69766921,69.49545297,42.00477793,Medium
990,91.00584853,44.51427745,43.85264209,Medium
991,85.97282339,40.05245288,43.16216163,Medium
992,66.74099952,68.97095734,40.97905704,Medium
993,83.58347076,56.99171252,38.61055851,Medium
994,72.05966664,50.03785116,39.64134366,Medium
995,88.47267254,71.23828055,43.10441348,Medium
996,53.58249771,61.02689993,37.87316449,Medium
997,77.44087603,63.02730218,43.91660517,Medium
998,87.50188008,67.7285265,37.30139229,Medium
999,80.76198167,50.64768188,44.87838501,Medium
1000,97.43169228,57.60268855,41.45483438,Medium
1001,458.4433288,24.20082772,52.64479573,Low
1002,104.117121,37.38544212,48.64359994,Low
1003,412.6878561,8.319165612,55.22450148,Low
1004,103.3733649,12.56695633,49.25533157,Low
1005,133.9578283,28.78197769,55.39385811,Low
1006,278.5424729,35.62279272,52.33371229,Low
1007,422.8796584,1.211457627,59.72102364,Low
1008,111.2679782,37.15712876,58.55597773,Low
1009,196.2222311,10.54455905,57.89307219,Low
1010,343.5980277,35.49852593,59.44750472,Low
1011,303.4934793,6.336350855,54.49409588,Low
1012,121.9529933,22.91876829,58.9673174,Low
1013,420.971577,15.74111061,55.11462167,Low
1014,328.064262,39.60583315,48.8973672,Low
1015,296.9894754,17.42132066,52.94920697,Low
1016,356.3713575,14.20222111,59.38994631,Low
1017,204.6994589,17.47869281,47.22423746,Low
1018,355.2852759,39.00730634,59.41406972,Low
1019,409.3212861,24.01705883,47.14919965,Low
1020,214.5308295,39.50108465,50.53730616,Low
1021,371.1250691,11.20830039,53.8382788,Low
1022,163.01673,12.2356367,59.93970522,Low
1023,271.1175569,39.56571177,55.44140017,Low
1024,251.026826,27.91592397,49.29931628,Low
1025,376.3141313,0.356357491,54.61989125,Low
1026,469.9508068,18.70692871,46.50855929,Low
1027,324.4637187,37.05099418,58.21845269,Low
1028,497.5155713,23.01894733,51.9864806,Low
1029,307.3686524,9.172258444,59.234022,Low
1030,141.2004655,10.88426402,45.93145797,Low
1031,417.3197829,35.65396769,47.91723441,Low
1032,472.4700257,22.0733126,57.30922464,Low
1033,327.9186369,29.45820201,50.82891242,Low
1034,178.0208103,18.04849159,46.31939898,Low
1035,322.6363955,27.27293189,55.27619079,Low
1036,146.1272577,5.142472648,45.82231878,Low
1037,292.4064856,32.8794174,48.56006398,Low
1038,162.9145394,6.717523954,55.66398461,Low
1039,390.2568775,25.12167474,50.90360411,Low
1040,480.7621625,11.65346782,48.49318153,Low
1041,381.882791,23.57043339,51.77617076,Low
1042,176.2660305,15.80068718,53.28164243,Low
1043,322.8974279,18.79235226,52.17219489,Low
1044,456.662873,36.72011806,57.20808128,Low
1045,241.7499702,11.17959313,57.7718948,Low
1046,313.5447197,24.85997917,52.6174714,Low
1047,317.8098385,4.088555901,46.79639509,Low
1048,462.2416526,34.06369166,57.73285694,Low
1049,357.2719835,24.63634647,54.46015542,Low
1050,405.1649821,35.37361957,50.39379035,Low
1051,236.9404341,39.48367957,53.34082693,Low
1052,138.5051038,24.11476932,45.75014783,Low
1053,107.3591825,0.687780344,53.03532145,Low
1054,250.1337662,20.20366999,45.68775516,Low
1055,482.2456345,10.20457461,52.43759848,Low
1056,358.9739187,33.13681014,49.29733236,Low
1057,302.3313802,1.258387652,56.55830363,Low
1058,442.3726505,26.66196702,50.24048597,Low
1059,300.8371306,9.331126153,49.45057761,Low
1060,266.3678772,14.73791784,48.7343796,Low
1061,257.863317,35.85357522,56.92487164,Low
1062,393.3483254,36.81346616,47.03150192,Low
1063,399.9065279,16.84340279,51.93586213,Low
1064,459.870064,33.76849508,48.38869825,Low
1065,158.7173859,14.32264829,59.08529081,Low
1066,357.138032,23.65328873,59.47422885,Low
1067,469.1079213,28.6399632,45.67333982,Low
1068,325.3851536,16.38417553,49.64241228,Low
1069,227.7756768,14.78834177,55.48500041,Low
1070,101.1398267,30.87307183,49.16816451,Low
1071,281.5916928,0.088371774,45.94407942,Low
1072,428.4388391,10.06094605,52.93043646,Low
1073,120.9714754,21.64909594,59.32152157,Low
1074,429.92207,21.52131592,49.52496602,Low
1075,407.0957248,3.060673283,56.63399149,Low
1076,271.5888359,0.443597705,46.90259144,Low
1077,458.8997721,19.89065055,47.16808066,Low
1078,349.5409092,7.780139664,59.98728049,Low
1079,429.9021671,39.31283719,56.1242547,Low
1080,474.8689382,22.02679088,48.62488315,Low
1081,352.4326662,33.81138535,50.72046477,Low
1082,241.0554713,32.83193243,45.33170872,Low
1083,407.6110674,14.73774472,57.7914711,Low
1084,441.0230041,14.62065257,52.24354954,Low
1085,299.015746,24.30009361,56.41172735,Low
1086,482.663163,33.66175038,49.16583806,Low
1087,115.9061875,14.27489842,48.37340353,Low
1088,124.4290386,24.30461278,56.77432096,Low
1089,482.3895474,10.35120983,52.06911008,Low
1090,392.6647266,29.71734369,50.25212506,Low
1091,454.2801797,1.812952137,59.60715128,Low
1092,116.9532022,35.59972574,47.67564638,Low
1093,494.7991497,29.63816272,55.70302394,Low
1094,418.1129091,38.12886814,51.74649154,Low
1095,416.7580551,25.35105718,45.70223545,Low
1096,476.5067305,22.33766169,58.56379709,Low
1097,438.5221291,9.811293862,49.0047119,Low
1098,115.5549464,22.95968511,45.69918197,Low
1099,447.3631592,11.6301902,54.8396865,Low
1100,492.3541264,11.69405816,56.91092995,Low
1101,195.6305143,22.8241962,45.78128158,Low
1102,258.0834183,14.49966434,58.00975735,Low
1103,190.8965777,35.3661128,45.87960043,Low
1104,403.7796385,3.966513224,56.56057719,Low
1105,162.0998442,3.38429066,56.38405627,Low
1106,413.8889757,16.81268212,54.90863773,Low
1107,422.7764159,2.217204459,54.20865254,Low
1108,428.0076761,18.02825013,48.35413252,Low
1109,217.9692625,33.32108601,55.5160832,Low
1110,382.6674529,23.80268782,50.80641696,Low
1111,130.5582178,1.083013885,55.22829489,Low
1112,328.1902826,19.12800403,58.42950107,Low
1113,175.2049872,22.93799673,56.5797639,Low
1114,200.8812339,29.9720637,52.48001203,Low
1115,129.3998979,12.39777281,49.94968409,Low
1116,178.686223,29.44648842,51.67569123,Low
1117,155.5656181,10.69343679,49.56887412,Low
1118,336.7659638,21.24618845,59.92022748,Low
1119,142.3034566,26.50598214,47.64039361,Low
1120,450.2419951,18.00853234,56.16613719,Low
1121,396.1252658,19.50816424,48.91167924,Low
1122,380.1330665,17.13587641,54.1971408,Low
1123,123.9830417,36.50436132,50.95684445,Low
1124,488.1039835,30.21336572,52.32789887,Low
1125,286.1185331,1.461392253,53.53208689,Low
1126,176.3589814,4.489739701,51.93998566,Low
1127,357.8541588,38.20732445,49.40159656,Low
1128,276.3847223,12.86910103,59.00855743,Low
1129,272.0114091,3.132766153,53.21424836,Low
1130,201.8977647,0.736251278,52.55217702,Low
1131,223.4390093,11.13361546,46.55345996,Low
1132,120.75098,39.89601414,45.85669192,Low
1133,177.9369211,30.85765001,51.39315652,Low
1134,495.8959781,5.287414733,48.82533695,Low
1135,282.4831722,13.18888595,46.25777344,Low
1136,350.9973844,26.72157041,58.24816978,Low
1137,455.4740465,19.43066492,56.3320534,Low
1138,451.1272901,14.18820342,59.01001661,Low
1139,123.056702,12.3242999,57.86354139,Low
1140,109.8508596,31.95907869,47.19850465,Low
1141,212.8129641,24.33130043,47.23869699,Low
1142,255.2686363,13.8208571,51.13730349,Low
1143,316.8012156,13.19218594,50.10906395,Low
1144,272.8677375,33.38543531,56.14036547,Low
1145,352.9371508,11.11237785,59.89650582,Low
1146,392.7240861,22.52775646,48.15357636,Low
1147,156.4480444,14.06179349,49.63496869,Low
1148,290.9698854,26.92887782,52.84771688,Low
1149,234.4664778,38.84748618,48.82067744,Low
1150,250.4883461,29.51293796,52.34898849,Low
1151,160.4284952,35.43502963,59.08166285,Low
1152,256.7082066,28.47364757,56.04579236,Low
1153,270.775617,16.42791852,52.6274968,Low
1154,417.3985137,8.973901165,57.77905511,Low
1155,410.6519967,21.84942932,52.3927277,Low
1156,475.3932543,7.908453922,51.35719351,Low
1157,424.7376415,35.99989261,53.15267556,Low
1158,406.0641449,13.56482493,53.9266416,Low
1159,114.221402,17.49890809,49.38741874,Low
1160,175.4764093,11.772482,49.13048483,Low
1161,119.1323609,0.576333502,46.17064864,Low
1162,439.3669254,9.011497499,53.24724417,Low
1163,232.2074123,19.98050763,45.38585948,Low
1164,279.8034994,28.22052699,46.31038644,Low
1165,198.575718,16.04900111,56.10506897,Low
1166,464.7039534,23.90953766,53.47403659,Low
1167,124.1321542,24.60608134,55.59149073,Low
1168,396.5982346,7.864449767,46.79010724,Low
1169,320.1551071,4.464428233,58.72717546,Low
1170,295.6404002,28.06574388,55.2620288,Low
1171,177.156775,31.09904313,57.55744487,Low
1172,184.2418253,21.62993719,48.32777315,Low
1173,485.4671659,2.418802157,50.54432564,Low
1174,136.6536958,32.78151392,51.97074601,Low
1175,322.4952431,14.80701183,46.57100528,Low
1176,202.889306,29.93181852,51.15653914,Low
1177,191.0529105,18.39396849,47.11485252,Low
1178,249.9874408,22.44760064,49.40983291,Low
1179,489.8328752,3.945334128,54.98303501,Low
1180,328.3582833,32.82521419,59.99886024,Low
1181,321.6258934,30.66516114,56.31766911,Low
1182,181.6347298,20.17024865,51.3640769,Low
1183,155.4433858,1.221028458,53.82695275,Low
1184,143.711292,11.85867097,58.65105952,Low
1185,424.0889597,36.22924528,48.57381492,Low
1186,142.815764,17.29887418,48.5379141,Low
1187,460.5853502,22.65412404,53.92248309,Low
1188,385.3605002,31.73387558,57.45189628,Low
1189,165.9449424,35.57626971,54.54658706,Low
1190,198.544696,14.55458475,51.88778975,Low
1191,445.9875244,36.49853905,55.66328779,Low
1192,111.1595817,32.59548572,47.43831744,Low
1193,168.9418036,30.32928404,50.89023634,Low
1194,428.603917,21.83131647,51.79175555,Low
1195,118.2494066,12.77613629,47.45879993,Low
1196,183.3771911,32.73978035,52.51290371,Low
1197,140.4457377,31.84088121,59.8398279,Low
1198,171.8032022,29.77828989,45.2691556,Low
1199,185.6524095,20.21675341,53.74033733,Low
1200,437.8042355,15.11327421,56.68136381,Low
1201,438.889032,18.32418247,55.64947369,Low
1202,380.4453151,9.482104541,45.0392339,Low
1203,261.626064,7.275891338,52.50954482,Low
1204,437.2658207,31.16174093,50.53695534,Low
1205,467.4243731,17.440672,46.9921957,Low
1206,368.0927482,14.47026401,53.09374915,Low
1207,469.9856856,2.695382713,48.35236572,Low
1208,252.5358203,6.924562025,51.16634551,Low
1209,128.43017,2.284575444,45.41974847,Low
1210,245.1330155,13.13485288,50.71171654,Low
1211,155.4786744,33.58390256,53.91846034,Low
1212,158.6366349,37.76779404,57.05500432,Low
1213,123.4287626,3.771584378,57.79549699,Low
1214,475.2911875,34.24112703,45.44590716,Low
1215,141.799025,37.41691926,59.85141539,Low
1216,467.3871521,35.81619228,46.46852047,Low
1217,341.1642716,0.26622137,58.09855151,Low
1218,414.917194,35.68263339,45.40420319,Low
1219,316.3521146,26.98387221,51.31479273,Low
1220,185.6196112,12.41258824,56.18131167,Low
1221,445.2432583,10.05721468,57.95262045,Low
1222,472.8049538,0.993573503,55.5048182,Low
1223,250.7397932,14.54244978,53.70264013,Low
1224,377.0732298,22.22934588,59.54262479,Low
1225,227.2250577,9.527108447,57.0912207,Low
1226,288.1783614,4.624593407,56.27459886,Low
1227,426.2128741,10.49737359,51.17283015,Low
1228,335.5717129,12.11141202,50.81905027,Low
1229,407.9718236,26.82776514,53.58455024,Low
1230,279.6442569,29.61026394,48.91830867,Low
1231,340.6901891,15.99738001,45.02332586,Low
1232,435.7415848,29.4848988,51.65023802,Low
1233,239.0340445,23.99423962,52.01965903,Low
1234,486.9801256,21.26430008,54.47769174,Low
1235,384.2278501,32.44041267,53.46120207,Low
1236,463.8959861,0.919520305,53.2565545,Low
1237,203.9128224,0.688557597,59.11537468,Low
1238,237.1199501,19.83359275,53.22932106,Low
1239,125.3217646,17.91268172,51.2172451,Low
1240,348.6868438,7.533329579,45.78206203,Low
1241,294.3932156,11.95069952,53.07225116,Low
1242,129.7227256,9.848168376,55.24552521,Low
1243,409.767314,25.50578139,49.94146684,Low
1244,280.8674262,11.32949713,46.56819758,Low
1245,485.4739691,23.5763016,47.72281036,Low
1246,494.5073076,22.43973488,52.44790493,Low
1247,430.7945135,26.52056227,51.8626933,Low
1248,326.9164205,26.26892406,45.32858517,Low
1249,290.3008895,6.151577681,47.69093554,Low
1250,453.6280075,27.71030871,49.10978866,Low
1251,422.6449102,2.499668761,58.55831845,Low
1252,217.5168836,24.31540993,50.37950598,Low
1253,164.9713524,10.28727012,52.8612376,Low
1254,431.3571399,25.92966984,46.45727674,Low
1255,134.1043979,38.46784514,57.88003628,Low
1256,241.6848405,30.84469353,52.36762783,Low
1257,327.5977323,23.29282572,57.01495379,Low
1258,122.761204,35.66960861,56.46392499,Low
1259,140.1447636,19.74062577,52.98631545,Low
1260,129.0036433,16.00358624,57.7966181,Low
1261,169.6690658,18.88251992,55.47648552,Low
1262,405.211684,4.204738033,47.84392306,Low
1263,456.9276613,33.68129542,45.52534943,Low
1264,423.5971125,15.02782734,54.84230805,Low
1265,481.632326,1.078158192,53.5792628,Low
1266,428.0071857,21.33822605,47.25089565,Low
1267,301.1891541,13.57391824,51.09536571,Low
1268,372.0540587,17.55498799,50.27435336,Low
1269,368.465523,37.45804473,57.3156648,Low
1270,140.3834566,2.149052294,51.99984208,Low
1271,227.9595169,31.09061004,51.76371773,Low
1272,274.746655,31.06178933,56.12990347,Low
1273,301.0105471,13.055667,56.50861635,Low
1274,150.0826677,14.61991114,48.41132056,Low
1275,362.2385775,16.19934773,55.24424837,Low
1276,308.3165376,27.76504078,51.88327413,Low
1277,423.3864205,10.91768828,45.84751161,Low
1278,205.9458875,26.92406082,53.30746095,Low
1279,468.164681,10.12001436,59.67259633,Low
1280,340.9719933,27.95047821,58.11559887,Low
1281,286.4920386,24.35782296,48.50484461,Low
1282,161.405747,38.70835186,46.84410799,Low
1283,372.4955304,4.99423451,57.35897679,Low
1284,418.1265386,26.89692146,56.41909701,Low
1285,470.8069646,32.51437636,49.90882136,Low
1286,499.0191712,27.49519844,45.66237478,Low
1287,238.365823,33.64619183,53.54804293,Low
1288,225.362482,29.64968913,59.4895842,Low
1289,157.8547891,17.52305491,47.80229194,Low
1290,296.2761196,34.12783864,50.80464328,Low
1291,218.6176027,25.29689439,54.16160018,Low
1292,378.3532662,25.48101092,56.50600429,Low
1293,112.8413987,4.478140669,56.50802778,Low
1294,375.8480262,32.66218344,54.51295626,Low
1295,219.5848414,25.08011059,55.22385511,Low
1296,268.9169612,26.55643796,55.59463931,Low
1297,353.2308996,2.678923918,52.07355924,Low
1298,213.3871407,15.19931811,50.22946277,Low
1299,273.7776525,38.12277285,59.35671212,Low
1300,202.1141225,38.29888194,57.96032214,Low
1301,285.2884851,37.88334008,50.79540982,Low
1302,124.4002095,28.27626406,57.55581309,Low
1303,391.5594958,28.03511738,48.34795779,Low
1304,263.3757054,11.42732394,55.41366673,Low
1305,462.3910906,38.44153791,54.14959782,Low
1306,328.745816,33.90643841,46.08374678,Low
1307,417.3321441,21.24786447,49.89686749,Low
1308,204.657196,12.51203176,56.2771415,Low
1309,466.8581201,9.036409012,51.80254959,Low
1310,185.2011059,35.0424119,51.02377941,Low
1311,465.0014064,17.56707189,50.89170177,Low
1312,397.3082395,16.24111037,46.62931189,Low
1313,318.0258971,15.12107712,52.52881634,Low
1314,485.8013909,4.554597937,52.73737334,Low
1315,279.2737402,14.82317277,52.71964456,Low
1316,185.4292431,5.439901861,46.4259747,Low
1317,200.4762834,24.1924407,50.75683174,Low
1318,243.0763433,9.026334803,58.86481678,Low
1319,173.7110333,26.73629701,48.44176002,Low
1320,331.0880049,30.60835774,54.16592816,Low
1321,110.9572052,19.5633688,47.16838882,Low
1322,173.4924643,0.155234951,46.65084667,Low
1323,328.2404644,16.18275754,48.11509391,Low
1324,462.3624964,2.559660738,50.90024407,Low
1325,263.8926885,27.38519531,57.61806848,Low
1326,170.6390763,16.25836304,48.06289733,Low
1327,445.8619446,35.15044761,47.12760128,Low
1328,104.0302511,24.74088529,47.1768951,Low
1329,157.5957878,38.61772245,56.37077725,Low
1330,323.02037,29.01881033,52.60006639,Low
1331,452.6822944,27.42299001,45.62767031,Low
1332,284.7434887,31.62432603,52.82035391,Low
1333,438.3238934,20.54041036,55.7005887,Low
1334,143.032415,5.916794606,49.74565089,Low
1335,453.968799,0.7742104,47.55405907,Low
1336,243.009667,5.669226047,55.22865216,Low
1337,470.7066473,9.430496617,50.27972567,Low
1338,290.3971594,6.341171722,46.81023084,Low
1339,358.9850456,7.441122153,51.44180064,Low
1340,464.1786809,9.482359825,56.05052289,Low
1341,485.5845423,23.47491062,45.87300242,Low
1342,477.3364192,11.37898308,49.65480864,Low
1343,132.151492,6.602229814,47.35660516,Low
1344,367.0527761,14.01551314,54.08514933,Low
1345,469.6476883,39.13190341,58.4119853,Low
1346,295.1250797,23.91618822,49.19466401,Low
1347,483.8251063,35.36099984,59.97526007,Low
1348,427.3960866,28.51014613,51.89923643,Low
1349,498.1575324,26.88415174,48.51086809,Low
1350,160.2863805,31.68150266,56.1060369,Low
1351,230.3957377,29.82221567,53.43225737,Low
1352,484.0171109,11.69134605,58.46604117,Low
1353,182.7576478,34.61047694,56.34045302,Low
1354,366.6472679,4.935107586,46.70670849,Low
1355,341.3669456,35.79545104,59.36970929,Low
1356,496.8874301,25.92262562,55.41800164,Low
1357,123.3546846,6.343268602,51.0089058,Low
1358,223.8721625,8.794269236,55.77114429,Low
1359,183.909617,34.80689617,50.29833728,Low
1360,376.0993814,30.28376177,51.56206004,Low
1361,250.144307,13.50524543,45.25937809,Low
1362,276.2786538,6.310437391,57.98131485,Low
1363,484.1576077,16.62585432,58.87686738,Low
1364,315.6314794,9.362093699,56.64288486,Low
1365,116.4419994,9.839023202,48.98340637,Low
1366,148.5753986,3.473409388,53.74771948,Low
1367,162.879974,39.52398224,57.51864658,Low
1368,399.7495947,11.35025111,53.93814374,Low
1369,308.8653937,11.11832865,56.46728457,Low
1370,333.9436121,21.08826335,48.54360637,Low
1371,142.5445366,23.8391437,57.73314834,Low
1372,497.5247051,15.62364984,52.59039725,Low
1373,259.1425123,18.54704813,51.15349795,Low
1374,473.0343965,26.67455764,48.54361504,Low
1375,370.8357198,1.18571434,46.37529754,Low
1376,317.4343637,10.54991064,50.77792733,Low
1377,424.8063908,28.33163514,56.49335273,Low
1378,419.063838,8.572589219,59.80869506,Low
1379,466.2728706,39.33935325,59.1524104,Low
1380,307.1068307,17.98979325,58.61504494,Low
1381,312.8022051,25.16922088,56.77304315,Low
1382,401.9719069,6.458622969,59.88909288,Low
1383,430.1794107,32.86615154,48.66779323,Low
1384,339.7815691,4.570130547,57.04970114,Low
1385,284.3292132,16.93215244,47.98218324,Low
1386,417.7381279,27.03038083,58.7016402,Low
1387,276.0173236,39.4149762,51.19468759,Low
1388,101.7567655,32.87321023,47.78930517,Low
1389,228.279329,11.3692861,52.46678705,Low
1390,193.0345301,34.88729746,53.72180885,Low
1391,121.0470253,18.95385451,54.61864165,Low
1392,216.5808258,19.14212724,48.20902828,Low
1393,262.6203634,30.9828316,48.18481936,Low
1394,222.7162348,39.03886221,48.53514038,Low
1395,159.3343591,15.7688198,53.74352349,Low
1396,467.0523891,16.99399418,51.42476258,Low
1397,483.5825543,19.08763343,51.61600644,Low
1398,330.4251282,4.993396159,59.37354308,Low
1399,389.8540458,26.99757234,56.63474425,Low
1400,316.2568263,35.63241529,46.57143629,Low
1401,271.1004934,24.0397659,57.54466405,Low
1402,231.8754813,7.288658745,51.18912243,Low
1403,384.0700544,6.825571785,47.30793718,Low
1404,348.140936,17.34328762,47.42381508,Low
1405,386.06917,22.89027717,48.59643112,Low
1406,437.2657471,34.59659384,55.97295638,Low
1407,374.4042709,0.378426494,55.14932396,Low
1408,140.3095644,3.022701892,53.61143753,Low
1409,135.3074838,25.68558729,47.27720371,Low
1410,310.4491444,25.05748492,46.78476398,Low
1411,225.0915945,4.606779399,56.36013016,Low
1412,174.5992009,17.93889334,49.94926742,Low
1413,138.8328843,18.3351045,54.8076752,Low
1414,465.8435238,24.08777363,57.31841553,Low
1415,436.7046202,33.60686548,56.03598941,Low
1416,473.6944106,2.058473277,52.75694746,Low
1417,391.2926719,26.72805424,53.24798616,Low
1418,438.1978569,14.76963056,57.05246116,Low
1419,315.900449,26.21542175,59.82471587,Low
1420,168.8576177,17.42581147,57.53852161,Low
1421,281.0757951,6.13387269,48.18863209,Low
1422,217.0244893,14.68847919,54.76898804,Low
1423,176.363365,15.40110835,57.72949501,Low
1424,497.5729246,2.408884084,49.35429395,Low
1425,333.5269899,15.34972452,53.11343815,Low
1426,289.5402627,28.33601747,47.45931809,Low
1427,279.2433518,23.38388726,51.50357847,Low
1428,364.3369187,18.61759601,53.35821535,Low
1429,134.0233651,4.08120437,53.95178868,Low
1430,326.8705942,31.71341324,56.60768686,Low
1431,312.9185649,27.55778466,56.66085141,Low
1432,221.7264778,14.63343081,56.50721474,Low
1433,403.3031585,2.148347577,48.14066734,Low
1434,453.7400193,15.13193416,58.42954793,Low
1435,466.5615552,30.99794443,48.62541611,Low
1436,186.1176136,29.9889105,59.71845901,Low
1437,329.0852202,2.22481798,49.33461924,Low
1438,175.1736923,34.94701432,58.86781625,Low
1439,486.1928395,17.93120618,49.39346096,Low
1440,143.0080858,9.233345849,51.52882014,Low
1441,235.2710271,28.92113698,58.81225034,Low
1442,427.8747099,24.48135209,46.08668629,Low
1443,182.9204808,38.01619374,49.12536986,Low
1444,260.9455117,12.71434002,55.61727388,Low
1445,139.9362947,1.380157349,54.88399721,Low
1446,107.4471128,3.940958528,51.96478215,Low
1447,121.6552922,33.30085365,49.48585402,Low
1448,329.7481388,7.393474147,47.73067198,Low
1449,313.8247065,6.491136279,45.17599406,Low
1450,330.8459422,22.07545346,59.7468316,Low
1451,232.1837322,38.85316004,59.24501713,Low
1452,356.0555307,26.57088216,56.90636028,Low
1453,235.782835,9.279236555,46.72393218,Low
1454,314.5314977,6.630119908,52.33131704,Low
1455,238.8923314,18.99338772,53.8166667,Low
1456,283.518253,39.89666587,54.4992288,Low
1457,461.0467352,20.00416668,48.94235673,Low
1458,440.4542126,2.646017329,59.93646649,Low
1459,163.1262801,7.021096974,46.46279195,Low
1460,456.6168189,7.944834456,54.02299525,Low
1461,226.5038803,0.762235485,50.10618862,Low
1462,487.2412217,5.236185351,57.30534242,Low
1463,130.8790548,31.67548603,51.64947454,Low
1464,332.7053977,21.00749904,49.70960354,Low
1465,401.5616602,4.423521611,58.03219594,Low
1466,109.1990303,10.48091026,57.01668004,Low
1467,345.2752069,22.87511353,57.94358451,Low
1468,409.4865348,31.85226718,59.06392582,Low
1469,472.7356078,30.57135058,48.70453283,Low
1470,496.8435031,5.049641202,49.53597526,Low
1471,131.2098694,11.14958628,50.69231808,Low
1472,460.8675682,29.38562435,47.85953672,Low
1473,349.4102159,19.72079477,52.00695704,Low
1474,231.3423313,31.49121637,51.25388097,Low
1475,272.1169911,8.719383335,59.17086796,Low
1476,332.0610649,5.183346337,45.77403445,Low
1477,199.4539917,24.55373106,57.43478886,Low
1478,445.4620032,30.84114584,46.28008256,Low
1479,262.869876,35.0344676,49.47729214,Low
1480,261.2207522,6.42933884,53.11395991,Low
1481,396.252638,31.86510367,54.99851393,Low
1482,388.2552476,33.20409386,50.60144375,Low
1483,392.4884755,33.4691633,51.91542053,Low
1484,116.5594482,31.38381223,45.24440582,Low
1485,128.1247572,29.82606962,47.40670094,Low
1486,235.6954143,36.19527117,52.26107256,Low
1487,194.6252313,9.088121895,45.90610523,Low
1488,476.4138594,4.186779471,53.77778696,Low
1489,240.3243625,12.48411874,58.46127871,Low
1490,457.7964553,10.78067923,50.89457997,Low
1491,341.3068708,5.885839977,56.37805968,Low
1492,331.757154,26.98694743,53.14173918,Low
1493,417.2379246,15.85424681,47.27483769,Low
1494,281.0318489,25.48944432,59.74555015,Low
1495,231.5937947,37.63550444,57.0946681,Low
1496,157.3525691,7.281023497,56.8581289,Low
1497,166.1084885,0.014403039,51.62550589,Low
1498,443.9756205,21.0007674,48.02433181,Low
1499,443.0934855,21.7815991,58.19779491,Low
